path	repository	artifact_type	authority_class	review_relevance	review_depth	disposition	related_findings	reason
.github/PULL_REQUEST_TEMPLATE.md	Aranwill/jarvis	documentation	informational	context	TARGETED_READ	TARGETED_READ		classified for exhaustive coverage; inspect if linked to material unit
.github/workflows/validation.yml	Aranwill/jarvis	workflow	operational_verification	construction_evidence	FULL_READ	FULL_READ		candidate-bound CI and validation pipeline evidence
.gitignore	Aranwill/jarvis	repository_config	configuration	repository_baseline	STRUCTURAL_INSPECTION	STRUCTURAL_INSPECTION		repository/tooling baseline
AGENTS.md	Aranwill/jarvis	governing_or_current_state	development_method	audit_governance	FULL_READ	FULL_READ		directly governs audit method, authority, architecture, security or current baseline
CHANGELOG.md	Aranwill/jarvis	root_project_doc	informational_or_derived	project_context	TARGETED_READ	TARGETED_READ		project-facing context; checked for drift against higher authority
PROJECT.md	Aranwill/jarvis	root_project_doc	informational_or_derived	project_context	TARGETED_READ	TARGETED_READ		project-facing context; checked for drift against higher authority
README.md	Aranwill/jarvis	root_project_doc	informational_or_derived	project_context	TARGETED_READ	TARGETED_READ		project-facing context; checked for drift against higher authority
ROADMAP.md	Aranwill/jarvis	root_project_doc	informational_or_derived	project_context	TARGETED_READ	TARGETED_READ		project-facing context; checked for drift against higher authority
SECURITY.md	Aranwill/jarvis	governing_or_current_state	protected_policy	audit_governance	FULL_READ	FULL_READ		directly governs audit method, authority, architecture, security or current baseline
configs/models.yaml	Aranwill/jarvis	config	configuration	material_configuration	STRUCTURAL_INSPECTION	STRUCTURAL_INSPECTION		current configuration surface
docs/architecture/adr/ADR-001-identity-migration-jarvis-to-malak.md	Aranwill/jarvis	adr	accepted_decision	design_authority_and_history	FULL_READ	FULL_READ		accepted architectural decision and historical design evidence
docs/architecture/adr/ADR-002-policy-enforcement-boundary.md	Aranwill/jarvis	adr	accepted_decision	design_authority_and_history	FULL_READ	FULL_READ		accepted architectural decision and historical design evidence
docs/architecture/adr/ADR-003-directional-communication-and-authority-flow.md	Aranwill/jarvis	adr	accepted_decision	design_authority_and_history	FULL_READ	FULL_READ		accepted architectural decision and historical design evidence
docs/architecture/adr/ADR-004-specification-and-verification-first.md	Aranwill/jarvis	adr	accepted_decision	design_authority_and_history	FULL_READ	FULL_READ		accepted architectural decision and historical design evidence
docs/architecture/adr/ADR-005-evidence-bound-final-response-transition.md	Aranwill/jarvis	adr	accepted_decision	design_authority_and_history	FULL_READ	FULL_READ		accepted architectural decision and historical design evidence
docs/architecture/adr/ADR-006-protected-durable-reliance-preconditions.md	Aranwill/jarvis	adr	accepted_decision	design_authority_and_history	FULL_READ	FULL_READ		accepted architectural decision and historical design evidence
docs/architecture/adr/ADR-TEMPLATE.md	Aranwill/jarvis	template	development_template	method_context	TARGETED_READ	TARGETED_READ		template only; not evidence of a specific implementation
docs/architecture/architecture_quality_gates.md	Aranwill/jarvis	governing_or_current_state	derived_current_state	audit_governance	FULL_READ	FULL_READ		directly governs audit method, authority, architecture, security or current baseline
docs/architecture/blueprint.md	Aranwill/jarvis	governing_or_current_state	architecture_master	audit_governance	FULL_READ	FULL_READ		directly governs audit method, authority, architecture, security or current baseline
docs/architecture/decisions/decision-index.md	Aranwill/jarvis	architecture_doc	architecture_or_spec	design_context	TARGETED_READ	TARGETED_READ		architecture/specification context
docs/architecture/documentation_architecture.md	Aranwill/jarvis	architecture_doc	architecture_or_spec	design_context	TARGETED_READ	TARGETED_READ		architecture/specification context
docs/architecture/kernel.md	Aranwill/jarvis	governing_or_current_state	approved_specification	audit_governance	FULL_READ	FULL_READ		directly governs audit method, authority, architecture, security or current baseline
docs/architecture/knowledge_model.md	Aranwill/jarvis	architecture_doc	architecture_or_spec	design_context	TARGETED_READ	TARGETED_READ		architecture/specification context
docs/architecture/schemas/knowledge_schema.yaml	Aranwill/jarvis	architecture_doc	architecture_or_spec	design_context	TARGETED_READ	TARGETED_READ		architecture/specification context
docs/development/development_checklist.md	Aranwill/jarvis	governing_or_current_state	development_method	audit_governance	FULL_READ	FULL_READ		directly governs audit method, authority, architecture, security or current baseline
docs/development/development_environment.md	Aranwill/jarvis	development_doc	development_method	method_context	TARGETED_READ	TARGETED_READ		development process or engineering context
docs/development/engineering_method.md	Aranwill/jarvis	governing_or_current_state	development_method	audit_governance	FULL_READ	FULL_READ		directly governs audit method, authority, architecture, security or current baseline
docs/development/evidence_manifest.md	Aranwill/jarvis	governing_or_current_state	development_method	audit_governance	FULL_READ	FULL_READ		directly governs audit method, authority, architecture, security or current baseline
docs/development/malak_construction_protocol.md	Aranwill/jarvis	governing_or_current_state	development_method	audit_governance	FULL_READ	FULL_READ		directly governs audit method, authority, architecture, security or current baseline
docs/governance/cognitive_constitution.md	Aranwill/jarvis	governing_or_current_state	constitutional	audit_governance	FULL_READ	FULL_READ		directly governs audit method, authority, architecture, security or current baseline
docs/governance/governance_constitution.md	Aranwill/jarvis	governing_or_current_state	constitutional	audit_governance	FULL_READ	FULL_READ		directly governs audit method, authority, architecture, security or current baseline
docs/knowledge/architecture/DOC-AKS-001_architecture_knowledge_system.md	Aranwill/jarvis	knowledge_doc	informational	context	TARGETED_READ	TARGETED_READ		technology/domain context; not construction authority
docs/knowledge/architecture/DOC-AKS-002_engineering_knowledge_library.md	Aranwill/jarvis	knowledge_doc	informational	context	TARGETED_READ	TARGETED_READ		technology/domain context; not construction authority
docs/knowledge/architecture/DOC-AKS-003_artifact_taxonomy.md	Aranwill/jarvis	knowledge_doc	informational	context	TARGETED_READ	TARGETED_READ		technology/domain context; not construction authority
docs/knowledge/examples/EXP-001_capability_folder_structure.md	Aranwill/jarvis	knowledge_doc	informational	context	TARGETED_READ	TARGETED_READ		technology/domain context; not construction authority
docs/knowledge/governance/knowledge_governance.md	Aranwill/jarvis	knowledge_doc	informational	context	TARGETED_READ	TARGETED_READ		technology/domain context; not construction authority
docs/knowledge/learning_packs/LPK-001_clean_code_functions.md	Aranwill/jarvis	knowledge_doc	informational	context	TARGETED_READ	TARGETED_READ		technology/domain context; not construction authority
docs/knowledge/recipes/REC-001_creating_new_capability.md	Aranwill/jarvis	knowledge_doc	informational	context	TARGETED_READ	TARGETED_READ		technology/domain context; not construction authority
docs/knowledge/standards/STD-001_coding_standards.md	Aranwill/jarvis	knowledge_doc	informational	context	TARGETED_READ	TARGETED_READ		technology/domain context; not construction authority
docs/knowledge/technologies/TECH-001_python_project_baseline.md	Aranwill/jarvis	knowledge_doc	informational	context	TARGETED_READ	TARGETED_READ		technology/domain context; not construction authority
docs/knowledge/templates/ARTIFACT_TEMPLATE.md	Aranwill/jarvis	knowledge_doc	informational	context	TARGETED_READ	TARGETED_READ		technology/domain context; not construction authority
docs/operations/operational_architecture.md	Aranwill/jarvis	documentation	informational	context	TARGETED_READ	TARGETED_READ		classified for exhaustive coverage; inspect if linked to material unit
docs/project/concepts/GOVERNED_EPHEMERAL_AGENT_EXECUTION_EVIDENCE_REFERENCE.md	Aranwill/jarvis	concept_reference	non_normative	contextual_boundary	TARGETED_READ	TARGETED_READ		non-normative context; used only when relevant to unit intent/boundary
docs/project/concepts/GOVERNED_SWARM_LONG_HORIZON_REFERENCE.md	Aranwill/jarvis	concept_reference	non_normative	contextual_boundary	TARGETED_READ	TARGETED_READ		non-normative context; used only when relevant to unit intent/boundary
docs/project/concepts/MALAK_COGNITIVE_DATASET_FOUNDATION.md	Aranwill/jarvis	concept_reference	non_normative	contextual_boundary	TARGETED_READ	TARGETED_READ		non-normative context; used only when relevant to unit intent/boundary
docs/project/concepts/MALAK_EVIDENCE_BOUND_COGNITION_FOUNDATION.md	Aranwill/jarvis	concept_reference	non_normative	contextual_boundary	TARGETED_READ	TARGETED_READ		non-normative context; used only when relevant to unit intent/boundary
docs/project/concepts/MALAK_RESEARCH_HORIZON_MAP.md	Aranwill/jarvis	concept_reference	non_normative	contextual_boundary	TARGETED_READ	TARGETED_READ		non-normative context; used only when relevant to unit intent/boundary
docs/project/concepts/README.md	Aranwill/jarvis	concept_reference	non_normative	contextual_boundary	TARGETED_READ	TARGETED_READ		non-normative context; used only when relevant to unit intent/boundary
docs/project/implementation_roadmap.md	Aranwill/jarvis	governing_or_current_state	derived_current_state	audit_governance	FULL_READ	FULL_READ		directly governs audit method, authority, architecture, security or current baseline
docs/project/project_context.md	Aranwill/jarvis	documentation	informational	context	TARGETED_READ	TARGETED_READ		classified for exhaustive coverage; inspect if linked to material unit
docs/project/repository_standard.md	Aranwill/jarvis	documentation	informational	context	TARGETED_READ	TARGETED_READ		classified for exhaustive coverage; inspect if linked to material unit
docs/project/roadmap.md	Aranwill/jarvis	documentation	informational	context	TARGETED_READ	TARGETED_READ		classified for exhaustive coverage; inspect if linked to material unit
docs/project/sprints/SPRINT-7.0.md	Aranwill/jarvis	sprint_record	historical_record	historical_evidence	TARGETED_READ	HISTORICAL_REFERENCE		approved/historical sprint evidence
docs/project/sprints/SPRINT-7.1.md	Aranwill/jarvis	sprint_record	historical_record	historical_evidence	TARGETED_READ	HISTORICAL_REFERENCE		approved/historical sprint evidence
docs/project/sprints/SPRINT-7.10.md	Aranwill/jarvis	sprint_record	historical_record	historical_evidence	TARGETED_READ	HISTORICAL_REFERENCE		approved/historical sprint evidence
docs/project/sprints/SPRINT-7.11.md	Aranwill/jarvis	sprint_record	historical_record	historical_evidence	TARGETED_READ	HISTORICAL_REFERENCE		approved/historical sprint evidence
docs/project/sprints/SPRINT-7.2.md	Aranwill/jarvis	sprint_record	historical_record	historical_evidence	TARGETED_READ	HISTORICAL_REFERENCE		approved/historical sprint evidence
docs/project/sprints/SPRINT-7.3.md	Aranwill/jarvis	sprint_record	historical_record	historical_evidence	TARGETED_READ	HISTORICAL_REFERENCE		approved/historical sprint evidence
docs/project/sprints/SPRINT-7.4.md	Aranwill/jarvis	sprint_record	historical_record	historical_evidence	TARGETED_READ	HISTORICAL_REFERENCE		approved/historical sprint evidence
docs/project/sprints/SPRINT-7.5.md	Aranwill/jarvis	sprint_record	historical_record	historical_evidence	TARGETED_READ	HISTORICAL_REFERENCE		approved/historical sprint evidence
docs/project/sprints/SPRINT-7.6.md	Aranwill/jarvis	sprint_record	historical_record	historical_evidence	TARGETED_READ	HISTORICAL_REFERENCE		approved/historical sprint evidence
docs/project/sprints/SPRINT-7.7.md	Aranwill/jarvis	sprint_record	historical_record	historical_evidence	TARGETED_READ	HISTORICAL_REFERENCE		approved/historical sprint evidence
docs/project/sprints/SPRINT-7.8.md	Aranwill/jarvis	sprint_record	historical_record	historical_evidence	TARGETED_READ	HISTORICAL_REFERENCE		approved/historical sprint evidence
docs/project/sprints/SPRINT-7.9.md	Aranwill/jarvis	sprint_record	historical_record	historical_evidence	TARGETED_READ	HISTORICAL_REFERENCE		approved/historical sprint evidence
docs/project/sprints/proposals/CONSTITUTIONAL-ASSURANCE-G0-COVERAGE-LEDGER.md	Aranwill/jarvis	sprint_proposal	historical_or_candidate_design	historical_evidence	TARGETED_READ	HISTORICAL_REFERENCE		candidate/design/gate evidence; inspected when mapped to a material unit
docs/project/sprints/proposals/CONSTITUTIONAL-ASSURANCE-G1-DESIGN.md	Aranwill/jarvis	sprint_proposal	historical_or_candidate_design	historical_evidence	TARGETED_READ	HISTORICAL_REFERENCE		candidate/design/gate evidence; inspected when mapped to a material unit
docs/project/sprints/proposals/EPISODIC-ADMISSION-ASSESSMENT-PRODUCER-AUTHORIZATION-G0-G1-DESIGN.md	Aranwill/jarvis	sprint_proposal	historical_or_candidate_design	historical_evidence	TARGETED_READ	HISTORICAL_REFERENCE		candidate/design/gate evidence; inspected when mapped to a material unit
docs/project/sprints/proposals/EPISODIC-ADMISSION-ASSESSMENT-PRODUCER-AUTHORIZATION-G2-IMPLEMENTATION-CANDIDATE-SPEC.md	Aranwill/jarvis	sprint_proposal	historical_or_candidate_design	historical_evidence	TARGETED_READ	HISTORICAL_REFERENCE		candidate/design/gate evidence; inspected when mapped to a material unit
docs/project/sprints/proposals/EPISODIC-ADMISSION-ASSESSMENT-PROVENANCE-G0-G1-DESIGN.md	Aranwill/jarvis	sprint_proposal	historical_or_candidate_design	historical_evidence	TARGETED_READ	HISTORICAL_REFERENCE		candidate/design/gate evidence; inspected when mapped to a material unit
docs/project/sprints/proposals/EPISODIC-ADMISSION-ASSESSMENT-PROVENANCE-G2-IMPLEMENTATION-CANDIDATE-SPEC.md	Aranwill/jarvis	sprint_proposal	historical_or_candidate_design	historical_evidence	TARGETED_READ	HISTORICAL_REFERENCE		candidate/design/gate evidence; inspected when mapped to a material unit
docs/project/sprints/proposals/EPISODIC-ADMISSION-GOVERNED-INPUT-PROJECTION-G0-G1-DESIGN.md	Aranwill/jarvis	sprint_proposal	historical_or_candidate_design	historical_evidence	TARGETED_READ	HISTORICAL_REFERENCE		candidate/design/gate evidence; inspected when mapped to a material unit
docs/project/sprints/proposals/EPISODIC-ADMISSION-GOVERNED-INPUT-PROJECTION-G2-IMPLEMENTATION-CANDIDATE-SPEC.md	Aranwill/jarvis	sprint_proposal	historical_or_candidate_design	historical_evidence	TARGETED_READ	HISTORICAL_REFERENCE		candidate/design/gate evidence; inspected when mapped to a material unit
docs/project/sprints/proposals/EPISODIC-ADMISSION-GOVERNED-PROJECTION-CONSUMPTION-G0-G1-DESIGN.md	Aranwill/jarvis	sprint_proposal	historical_or_candidate_design	historical_evidence	TARGETED_READ	HISTORICAL_REFERENCE		candidate/design/gate evidence; inspected when mapped to a material unit
docs/project/sprints/proposals/EPISODIC-ADMISSION-GOVERNED-PROJECTION-CONSUMPTION-G2-IMPLEMENTATION-CANDIDATE-SPEC.md	Aranwill/jarvis	sprint_proposal	historical_or_candidate_design	historical_evidence	TARGETED_READ	HISTORICAL_REFERENCE		candidate/design/gate evidence; inspected when mapped to a material unit
docs/project/sprints/proposals/EPISODIC-CANDIDATE-CONTENT-IDENTITY-G0-G1-DESIGN.md	Aranwill/jarvis	sprint_proposal	historical_or_candidate_design	historical_evidence	TARGETED_READ	HISTORICAL_REFERENCE		candidate/design/gate evidence; inspected when mapped to a material unit
docs/project/sprints/proposals/EPISODIC-CANDIDATE-CONTENT-IDENTITY-G2-IMPLEMENTATION-CANDIDATE-SPEC.md	Aranwill/jarvis	sprint_proposal	historical_or_candidate_design	historical_evidence	TARGETED_READ	HISTORICAL_REFERENCE		candidate/design/gate evidence; inspected when mapped to a material unit
docs/project/sprints/proposals/EPISODIC-CANDIDATE-CONTENT-IDENTITY-PROPAGATION-G0-G1-DESIGN.md	Aranwill/jarvis	sprint_proposal	historical_or_candidate_design	historical_evidence	TARGETED_READ	HISTORICAL_REFERENCE		candidate/design/gate evidence; inspected when mapped to a material unit
docs/project/sprints/proposals/EPISODIC-CANDIDATE-CONTENT-IDENTITY-PROPAGATION-G2-IMPLEMENTATION-CANDIDATE-SPEC.md	Aranwill/jarvis	sprint_proposal	historical_or_candidate_design	historical_evidence	TARGETED_READ	HISTORICAL_REFERENCE		candidate/design/gate evidence; inspected when mapped to a material unit
docs/project/sprints/proposals/EPISODIC-MEMORY-ADMISSION-G0-G1-DESIGN.md	Aranwill/jarvis	sprint_proposal	historical_or_candidate_design	historical_evidence	TARGETED_READ	HISTORICAL_REFERENCE		candidate/design/gate evidence; inspected when mapped to a material unit
docs/project/sprints/proposals/EPISODIC-MEMORY-ADMISSION-G2-IMPLEMENTATION-CANDIDATE-SPEC.md	Aranwill/jarvis	sprint_proposal	historical_or_candidate_design	historical_evidence	TARGETED_READ	HISTORICAL_REFERENCE		candidate/design/gate evidence; inspected when mapped to a material unit
docs/project/sprints/proposals/MALAK-ADR-002-BOUND-AUTHORIZATION-ENFORCEMENT-HARDENING-G2.md	Aranwill/jarvis	sprint_proposal	historical_or_candidate_design	historical_evidence	TARGETED_READ	HISTORICAL_REFERENCE		candidate/design/gate evidence; inspected when mapped to a material unit
docs/project/sprints/proposals/MALAK-ADR-002-PERMISSION-OPERATION-BINDING-HARDENING-G2P-A.md	Aranwill/jarvis	sprint_proposal	historical_or_candidate_design	historical_evidence	TARGETED_READ	HISTORICAL_REFERENCE		candidate/design/gate evidence; inspected when mapped to a material unit
docs/project/sprints/proposals/MALAK-ASSURANCE-SIGNAL-AUTHORITY-G0-G1-DESIGN.md	Aranwill/jarvis	sprint_proposal	historical_or_candidate_design	historical_evidence	TARGETED_READ	HISTORICAL_REFERENCE		candidate/design/gate evidence; inspected when mapped to a material unit
docs/project/sprints/proposals/MALAK-ASSURANCE-SIGNAL-BOUNDARY-G2-IMPLEMENTATION-CANDIDATE-SPEC.md	Aranwill/jarvis	sprint_proposal	historical_or_candidate_design	historical_evidence	TARGETED_READ	HISTORICAL_REFERENCE		candidate/design/gate evidence; inspected when mapped to a material unit
docs/project/sprints/proposals/MALAK-BLUEPRINT-V0.6.2-EVIDENCE-BOUND-FINALIZATION-CANDIDATE.md	Aranwill/jarvis	sprint_proposal	historical_or_candidate_design	historical_evidence	TARGETED_READ	HISTORICAL_REFERENCE		candidate/design/gate evidence; inspected when mapped to a material unit
docs/project/sprints/proposals/MALAK-CAL-014-ADR-006-CANDIDATE.md	Aranwill/jarvis	sprint_proposal	historical_or_candidate_design	historical_evidence	TARGETED_READ	HISTORICAL_REFERENCE		candidate/design/gate evidence; inspected when mapped to a material unit
docs/project/sprints/proposals/MALAK-CAL-014-BLUEPRINT-V0.6.3-CANDIDATE.md	Aranwill/jarvis	sprint_proposal	historical_or_candidate_design	historical_evidence	TARGETED_READ	HISTORICAL_REFERENCE		candidate/design/gate evidence; inspected when mapped to a material unit
docs/project/sprints/proposals/MALAK-CAL-014-COGNITIVE-CONSTITUTION-V1.2-CANDIDATE.md	Aranwill/jarvis	sprint_proposal	historical_or_candidate_design	historical_evidence	TARGETED_READ	HISTORICAL_REFERENCE		candidate/design/gate evidence; inspected when mapped to a material unit
docs/project/sprints/proposals/MALAK-CAL-014-DECISION-INDEX-ADR-006-CANDIDATE.md	Aranwill/jarvis	sprint_proposal	historical_or_candidate_design	historical_evidence	TARGETED_READ	HISTORICAL_REFERENCE		candidate/design/gate evidence; inspected when mapped to a material unit
docs/project/sprints/proposals/MALAK-CAL-014-DURABLE-RELIANCE-CONSTITUTIONAL-IMPACT-G0-G1.md	Aranwill/jarvis	sprint_proposal	historical_or_candidate_design	historical_evidence	TARGETED_READ	HISTORICAL_REFERENCE		candidate/design/gate evidence; inspected when mapped to a material unit
docs/project/sprints/proposals/MALAK-CAL-014-NORMATIVE-PROMOTION-SCOPE-FREEZE.md	Aranwill/jarvis	sprint_proposal	historical_or_candidate_design	historical_evidence	TARGETED_READ	HISTORICAL_REFERENCE		candidate/design/gate evidence; inspected when mapped to a material unit
docs/project/sprints/proposals/MALAK-CAL-014-NORMATIVE-SCOPE-INTERPRETIVE-HARDENING.md	Aranwill/jarvis	sprint_proposal	historical_or_candidate_design	historical_evidence	TARGETED_READ	HISTORICAL_REFERENCE		candidate/design/gate evidence; inspected when mapped to a material unit
docs/project/sprints/proposals/MALAK-COGNITIVE-ASSURANCE-CONSTITUTIONAL-IMPACT-G0-G1.md	Aranwill/jarvis	sprint_proposal	historical_or_candidate_design	historical_evidence	TARGETED_READ	HISTORICAL_REFERENCE		candidate/design/gate evidence; inspected when mapped to a material unit
docs/project/sprints/proposals/MALAK-COGNITIVE-ASSURANCE-G0-RESEARCH-EVIDENCE.md	Aranwill/jarvis	sprint_proposal	historical_or_candidate_design	historical_evidence	TARGETED_READ	HISTORICAL_REFERENCE		candidate/design/gate evidence; inspected when mapped to a material unit
docs/project/sprints/proposals/MALAK-COGNITIVE-ASSURANCE-G1-PROGRESSIVE-DESIGN.md	Aranwill/jarvis	sprint_proposal	historical_or_candidate_design	historical_evidence	TARGETED_READ	HISTORICAL_REFERENCE		candidate/design/gate evidence; inspected when mapped to a material unit
docs/project/sprints/proposals/MALAK-COGNITIVE-ASSURANCE-NORMATIVE-PROMOTION-SCOPE-FREEZE.md	Aranwill/jarvis	sprint_proposal	historical_or_candidate_design	historical_evidence	TARGETED_READ	HISTORICAL_REFERENCE		candidate/design/gate evidence; inspected when mapped to a material unit
docs/project/sprints/proposals/MALAK-COGNITIVE-CONSTITUTION-V1.1-EVIDENCE-BOUND-FINALIZATION-CANDIDATE.md	Aranwill/jarvis	sprint_proposal	historical_or_candidate_design	historical_evidence	TARGETED_READ	HISTORICAL_REFERENCE		candidate/design/gate evidence; inspected when mapped to a material unit
docs/project/sprints/proposals/MALAK-E0-REPOSITORY-READ-PROOF-G0-G1-DESIGN.md	Aranwill/jarvis	sprint_proposal	historical_or_candidate_design	historical_evidence	TARGETED_READ	HISTORICAL_REFERENCE		candidate/design/gate evidence; inspected when mapped to a material unit
docs/project/sprints/proposals/MALAK-E1-GOVERNED-KNOWLEDGE-READ-G0-G1-DESIGN.md	Aranwill/jarvis	sprint_proposal	historical_or_candidate_design	historical_evidence	TARGETED_READ	HISTORICAL_REFERENCE		candidate/design/gate evidence; inspected when mapped to a material unit
docs/project/sprints/proposals/MALAK-E2-ENGINEERING-INSPECT-G0-G1-DESIGN.md	Aranwill/jarvis	sprint_proposal	historical_or_candidate_design	historical_evidence	TARGETED_READ	HISTORICAL_REFERENCE		candidate/design/gate evidence; inspected when mapped to a material unit
docs/project/sprints/proposals/MALAK-E2-STRUCTURAL-EVIDENCE-EVALUATION-PACK-V0-G0-G1-DESIGN.md	Aranwill/jarvis	sprint_proposal	historical_or_candidate_design	historical_evidence	TARGETED_READ	HISTORICAL_REFERENCE		candidate/design/gate evidence; inspected when mapped to a material unit
docs/project/sprints/proposals/MALAK-E2-STRUCTURAL-EVIDENCE-INTEGRATION-V0-G0-G1-DESIGN.md	Aranwill/jarvis	sprint_proposal	historical_or_candidate_design	historical_evidence	TARGETED_READ	HISTORICAL_REFERENCE		candidate/design/gate evidence; inspected when mapped to a material unit
docs/project/sprints/proposals/MALAK-E2-STRUCTURAL-EVIDENCE-OBSERVABILITY-V0-G0-G1-DESIGN.md	Aranwill/jarvis	sprint_proposal	historical_or_candidate_design	historical_evidence	TARGETED_READ	HISTORICAL_REFERENCE		candidate/design/gate evidence; inspected when mapped to a material unit
docs/project/sprints/proposals/MALAK-E3-ENGINEERING-ANALYZE-G0-G1-DESIGN.md	Aranwill/jarvis	sprint_proposal	historical_or_candidate_design	historical_evidence	TARGETED_READ	HISTORICAL_REFERENCE		candidate/design/gate evidence; inspected when mapped to a material unit
docs/project/sprints/proposals/MALAK-E4-ENGINEERING-PROPOSE-G0-G1-DESIGN.md	Aranwill/jarvis	sprint_proposal	historical_or_candidate_design	historical_evidence	TARGETED_READ	HISTORICAL_REFERENCE		candidate/design/gate evidence; inspected when mapped to a material unit
docs/project/sprints/proposals/MALAK-E5-B1-READONLY-EXPLORER-G0-COVERAGE-LEDGER.md	Aranwill/jarvis	sprint_proposal	historical_or_candidate_design	historical_evidence	TARGETED_READ	HISTORICAL_REFERENCE		candidate/design/gate evidence; inspected when mapped to a material unit
docs/project/sprints/proposals/MALAK-E5-B1-READONLY-EXPLORER-G0-G1-DESIGN.md	Aranwill/jarvis	sprint_proposal	historical_or_candidate_design	historical_evidence	TARGETED_READ	HISTORICAL_REFERENCE		candidate/design/gate evidence; inspected when mapped to a material unit
docs/project/sprints/proposals/MALAK-E5-ENGINEERING-CLI-G0-G1-DESIGN.md	Aranwill/jarvis	sprint_proposal	historical_or_candidate_design	historical_evidence	TARGETED_READ	HISTORICAL_REFERENCE		candidate/design/gate evidence; inspected when mapped to a material unit
docs/project/sprints/proposals/MALAK-E5-G0-COVERAGE-LEDGER.md	Aranwill/jarvis	sprint_proposal	historical_or_candidate_design	historical_evidence	TARGETED_READ	HISTORICAL_REFERENCE		candidate/design/gate evidence; inspected when mapped to a material unit
docs/project/sprints/proposals/MALAK-G2P-B-PERSISTENCE-AUTHORIZATION-COMPOSITION-DESIGN.md	Aranwill/jarvis	sprint_proposal	historical_or_candidate_design	historical_evidence	TARGETED_READ	HISTORICAL_REFERENCE		candidate/design/gate evidence; inspected when mapped to a material unit
docs/project/sprints/proposals/MALAK-PROGRESSIVE-COGNITIVE-ASSURANCE-RUNTIME-G0-INSPECTION.md	Aranwill/jarvis	sprint_proposal	historical_or_candidate_design	historical_evidence	TARGETED_READ	HISTORICAL_REFERENCE		candidate/design/gate evidence; inspected when mapped to a material unit
docs/project/sprints/proposals/MALAK-PROGRESSIVE-COGNITIVE-ASSURANCE-RUNTIME-G1-DESIGN.md	Aranwill/jarvis	sprint_proposal	historical_or_candidate_design	historical_evidence	TARGETED_READ	HISTORICAL_REFERENCE		candidate/design/gate evidence; inspected when mapped to a material unit
docs/project/sprints/proposals/MALAK-PROGRESSIVE-COGNITIVE-ASSURANCE-RUNTIME-G2A-IMPLEMENTATION-CANDIDATE-SPEC.md	Aranwill/jarvis	sprint_proposal	historical_or_candidate_design	historical_evidence	TARGETED_READ	HISTORICAL_REFERENCE		candidate/design/gate evidence; inspected when mapped to a material unit
docs/project/sprints/proposals/MALAK-PROGRESSIVE-COGNITIVE-ASSURANCE-RUNTIME-SCOPE-FREEZE-CANDIDATE.md	Aranwill/jarvis	sprint_proposal	historical_or_candidate_design	historical_evidence	TARGETED_READ	HISTORICAL_REFERENCE		candidate/design/gate evidence; inspected when mapped to a material unit
docs/project/sprints/proposals/MALAK-REPOSITORY-STRUCTURAL-LOOKUP-V0-G0-G1-DESIGN.md	Aranwill/jarvis	sprint_proposal	historical_or_candidate_design	historical_evidence	TARGETED_READ	HISTORICAL_REFERENCE		candidate/design/gate evidence; inspected when mapped to a material unit
docs/project/sprints/proposals/MALAK-REPOSITORY-STRUCTURAL-PROJECTION-V0-G0-COVERAGE-LEDGER.md	Aranwill/jarvis	sprint_proposal	historical_or_candidate_design	historical_evidence	TARGETED_READ	HISTORICAL_REFERENCE		candidate/design/gate evidence; inspected when mapped to a material unit
docs/project/sprints/proposals/MALAK-REPOSITORY-STRUCTURAL-PROJECTION-V0-G0-G1-DESIGN.md	Aranwill/jarvis	sprint_proposal	historical_or_candidate_design	historical_evidence	TARGETED_READ	HISTORICAL_REFERENCE		candidate/design/gate evidence; inspected when mapped to a material unit
docs/project/sprints/proposals/RDD-M1-CANDIDATE-BOUND-EVIDENCE-FOUNDATION.md	Aranwill/jarvis	sprint_proposal	historical_or_candidate_design	historical_evidence	TARGETED_READ	HISTORICAL_REFERENCE		candidate/design/gate evidence; inspected when mapped to a material unit
docs/project/sprints/proposals/RDD-M1-G0-COVERAGE-LEDGER.md	Aranwill/jarvis	sprint_proposal	historical_or_candidate_design	historical_evidence	TARGETED_READ	HISTORICAL_REFERENCE		candidate/design/gate evidence; inspected when mapped to a material unit
docs/project/sprints/proposals/SPRINT-7.11-G0-COVERAGE-LEDGER.md	Aranwill/jarvis	sprint_proposal	historical_or_candidate_design	historical_evidence	TARGETED_READ	HISTORICAL_REFERENCE		candidate/design/gate evidence; inspected when mapped to a material unit
docs/project/sprints/proposals/SPRINT-7.11-REPRODUCIBLE-VALIDATION-PIPELINE-FOUNDATION.md	Aranwill/jarvis	sprint_proposal	historical_or_candidate_design	historical_evidence	TARGETED_READ	HISTORICAL_REFERENCE		candidate/design/gate evidence; inspected when mapped to a material unit
docs/project/sprints/proposals/SPRINT-7.3-SECOND-CAPABILITY-DRAFT.md	Aranwill/jarvis	sprint_proposal	historical_or_candidate_design	historical_evidence	TARGETED_READ	HISTORICAL_REFERENCE		candidate/design/gate evidence; inspected when mapped to a material unit
docs/project/status/MALAK-POST-AUDIT-REBASELINE-20260911.md	Aranwill/jarvis	governing_or_current_state	derived_current_state	audit_governance	FULL_READ	FULL_READ		directly governs audit method, authority, architecture, security or current baseline
docs/project/status/MALAK-STATE-RECONCILIATION-20260915.md	Aranwill/jarvis	governing_or_current_state	derived_current_state	audit_governance	FULL_READ	FULL_READ		directly governs audit method, authority, architecture, security or current baseline
documents/projects/jarvis/archive/estado_actual_jarvis_v0.4.1.md	Aranwill/jarvis	legacy_archive	historical	historical_context	HISTORICAL_REFERENCE	HISTORICAL_REFERENCE		legacy historical artifact; no current authority
documents/projects/jarvis/archive/manifest_jarvis_legacy.yaml	Aranwill/jarvis	legacy_archive	historical	historical_context	HISTORICAL_REFERENCE	HISTORICAL_REFERENCE		legacy historical artifact; no current authority
documents/projects/jarvis/changelog.md	Aranwill/jarvis	project_history	historical_or_idea	historical_context	HISTORICAL_REFERENCE	HISTORICAL_REFERENCE		historical/idea/reference artifact; not current authority
documents/projects/jarvis/decisiones.md	Aranwill/jarvis	project_history	historical_or_idea	historical_context	HISTORICAL_REFERENCE	HISTORICAL_REFERENCE		historical/idea/reference artifact; not current authority
documents/projects/jarvis/ideas.md	Aranwill/jarvis	project_history	historical_or_idea	historical_context	HISTORICAL_REFERENCE	HISTORICAL_REFERENCE		historical/idea/reference artifact; not current authority
documents/projects/jarvis/model_benchmarks.md	Aranwill/jarvis	project_history	historical_or_idea	historical_context	HISTORICAL_REFERENCE	HISTORICAL_REFERENCE		historical/idea/reference artifact; not current authority
documents/projects/jarvis/models.md	Aranwill/jarvis	project_history	historical_or_idea	historical_context	HISTORICAL_REFERENCE	HISTORICAL_REFERENCE		historical/idea/reference artifact; not current authority
documents/projects/jarvis/proyecto_jarvis_base.md	Aranwill/jarvis	project_history	historical_or_idea	historical_context	HISTORICAL_REFERENCE	HISTORICAL_REFERENCE		historical/idea/reference artifact; not current authority
documents/projects/jarvis/releases/v0.6.0-alpha.yaml	Aranwill/jarvis	project_history	historical_or_idea	historical_context	HISTORICAL_REFERENCE	HISTORICAL_REFERENCE		historical/idea/reference artifact; not current authority
documents/projects/jarvis/setup.md	Aranwill/jarvis	project_history	historical_or_idea	historical_context	HISTORICAL_REFERENCE	HISTORICAL_REFERENCE		historical/idea/reference artifact; not current authority
examples/hello_kernel.py	Aranwill/jarvis	example	informational	supporting_example	STRUCTURAL_INSPECTION	STRUCTURAL_INSPECTION		example/supporting artifact; not authority
pyproject.toml	Aranwill/jarvis	repository_config	configuration	repository_baseline	STRUCTURAL_INSPECTION	STRUCTURAL_INSPECTION		repository/tooling baseline
scripts/backup-jarvis.ps1	Aranwill/jarvis	script	operational_tooling	construction_evidence	TARGETED_READ	TARGETED_READ		construction/validation tooling or repository utility
scripts/cerrar-jarvis.ps1	Aranwill/jarvis	script	operational_tooling	construction_evidence	TARGETED_READ	TARGETED_READ		construction/validation tooling or repository utility
scripts/dev.ps1	Aranwill/jarvis	script	operational_tooling	construction_evidence	TARGETED_READ	TARGETED_READ		construction/validation tooling or repository utility
scripts/iniciar-jarvis.ps1	Aranwill/jarvis	script	operational_tooling	construction_evidence	TARGETED_READ	TARGETED_READ		construction/validation tooling or repository utility
scripts/malak_evidence.py	Aranwill/jarvis	script	operational_tooling	construction_evidence	TARGETED_READ	TARGETED_READ		construction/validation tooling or repository utility
scripts/run.ps1	Aranwill/jarvis	script	operational_tooling	construction_evidence	TARGETED_READ	TARGETED_READ		construction/validation tooling or repository utility
scripts/test.ps1	Aranwill/jarvis	script	operational_tooling	construction_evidence	TARGETED_READ	TARGETED_READ		construction/validation tooling or repository utility
scripts/update-models.ps1	Aranwill/jarvis	script	operational_tooling	construction_evidence	TARGETED_READ	TARGETED_READ		construction/validation tooling or repository utility
src/app/main.py	Aranwill/jarvis	documentation	informational	context	TARGETED_READ	TARGETED_READ		classified for exhaustive coverage; inspect if linked to material unit
src/malak/__init__.py	Aranwill/jarvis	source	implementation	material_implementation	STRUCTURAL_INSPECTION	STRUCTURAL_INSPECTION		current implementation; promoted to TARGETED/FULL read per material unit
src/malak/app/__init__.py	Aranwill/jarvis	source	implementation	material_implementation	STRUCTURAL_INSPECTION	STRUCTURAL_INSPECTION		current implementation; promoted to TARGETED/FULL read per material unit
src/malak/app/cli.py	Aranwill/jarvis	source	implementation	material_implementation	STRUCTURAL_INSPECTION	STRUCTURAL_INSPECTION		current implementation; promoted to TARGETED/FULL read per material unit
src/malak/app/composition.py	Aranwill/jarvis	source	implementation	material_implementation	STRUCTURAL_INSPECTION	STRUCTURAL_INSPECTION		current implementation; promoted to TARGETED/FULL read per material unit
src/malak/capabilities/__init__.py	Aranwill/jarvis	source	implementation	material_implementation	STRUCTURAL_INSPECTION	STRUCTURAL_INSPECTION		current implementation; promoted to TARGETED/FULL read per material unit
src/malak/capabilities/_engineering_analysis.py	Aranwill/jarvis	source	implementation	material_implementation	STRUCTURAL_INSPECTION	STRUCTURAL_INSPECTION		current implementation; promoted to TARGETED/FULL read per material unit
src/malak/capabilities/_engineering_evidence.py	Aranwill/jarvis	source	implementation	material_implementation	STRUCTURAL_INSPECTION	STRUCTURAL_INSPECTION		current implementation; promoted to TARGETED/FULL read per material unit
src/malak/capabilities/conversation.py	Aranwill/jarvis	source	implementation	material_implementation	STRUCTURAL_INSPECTION	STRUCTURAL_INSPECTION		current implementation; promoted to TARGETED/FULL read per material unit
src/malak/capabilities/echo.py	Aranwill/jarvis	source	implementation	material_implementation	STRUCTURAL_INSPECTION	STRUCTURAL_INSPECTION		current implementation; promoted to TARGETED/FULL read per material unit
src/malak/capabilities/engineering_analyze.py	Aranwill/jarvis	source	implementation	material_implementation	STRUCTURAL_INSPECTION	STRUCTURAL_INSPECTION		current implementation; promoted to TARGETED/FULL read per material unit
src/malak/capabilities/engineering_inspect.py	Aranwill/jarvis	source	implementation	material_implementation	STRUCTURAL_INSPECTION	STRUCTURAL_INSPECTION		current implementation; promoted to TARGETED/FULL read per material unit
src/malak/capabilities/engineering_propose.py	Aranwill/jarvis	source	implementation	material_implementation	STRUCTURAL_INSPECTION	STRUCTURAL_INSPECTION		current implementation; promoted to TARGETED/FULL read per material unit
src/malak/contracts/__init__.py	Aranwill/jarvis	source	implementation	material_implementation	STRUCTURAL_INSPECTION	STRUCTURAL_INSPECTION		current implementation; promoted to TARGETED/FULL read per material unit
src/malak/contracts/capability.py	Aranwill/jarvis	source	implementation	material_implementation	STRUCTURAL_INSPECTION	STRUCTURAL_INSPECTION		current implementation; promoted to TARGETED/FULL read per material unit
src/malak/core/__init__.py	Aranwill/jarvis	source	implementation	material_implementation	STRUCTURAL_INSPECTION	STRUCTURAL_INSPECTION		current implementation; promoted to TARGETED/FULL read per material unit
src/malak/core/assurance_signal_projection.py	Aranwill/jarvis	source	implementation	material_implementation	STRUCTURAL_INSPECTION	STRUCTURAL_INSPECTION		current implementation; promoted to TARGETED/FULL read per material unit
src/malak/core/conversation.py	Aranwill/jarvis	source	implementation	material_implementation	STRUCTURAL_INSPECTION	STRUCTURAL_INSPECTION		current implementation; promoted to TARGETED/FULL read per material unit
src/malak/core/conversation_registry.py	Aranwill/jarvis	source	implementation	material_implementation	STRUCTURAL_INSPECTION	STRUCTURAL_INSPECTION		current implementation; promoted to TARGETED/FULL read per material unit
src/malak/core/llm_runtime.py	Aranwill/jarvis	source	implementation	material_implementation	STRUCTURAL_INSPECTION	STRUCTURAL_INSPECTION		current implementation; promoted to TARGETED/FULL read per material unit
src/malak/core/protected_finalization.py	Aranwill/jarvis	source	implementation	material_implementation	STRUCTURAL_INSPECTION	STRUCTURAL_INSPECTION		current implementation; promoted to TARGETED/FULL read per material unit
src/malak/core/request.py	Aranwill/jarvis	source	implementation	material_implementation	STRUCTURAL_INSPECTION	STRUCTURAL_INSPECTION		current implementation; promoted to TARGETED/FULL read per material unit
src/malak/core/response.py	Aranwill/jarvis	source	implementation	material_implementation	STRUCTURAL_INSPECTION	STRUCTURAL_INSPECTION		current implementation; promoted to TARGETED/FULL read per material unit
src/malak/core/types.py	Aranwill/jarvis	source	implementation	material_implementation	STRUCTURAL_INSPECTION	STRUCTURAL_INSPECTION		current implementation; promoted to TARGETED/FULL read per material unit
src/malak/events/__init__.py	Aranwill/jarvis	source	implementation	material_implementation	STRUCTURAL_INSPECTION	STRUCTURAL_INSPECTION		current implementation; promoted to TARGETED/FULL read per material unit
src/malak/identity/__init__.py	Aranwill/jarvis	source	implementation	material_implementation	STRUCTURAL_INSPECTION	STRUCTURAL_INSPECTION		current implementation; promoted to TARGETED/FULL read per material unit
src/malak/infrastructure/__init__.py	Aranwill/jarvis	source	implementation	material_implementation	STRUCTURAL_INSPECTION	STRUCTURAL_INSPECTION		current implementation; promoted to TARGETED/FULL read per material unit
src/malak/infrastructure/repository_reader.py	Aranwill/jarvis	source	implementation	material_implementation	STRUCTURAL_INSPECTION	STRUCTURAL_INSPECTION		current implementation; promoted to TARGETED/FULL read per material unit
src/malak/infrastructure/repository_structure.py	Aranwill/jarvis	source	implementation	material_implementation	STRUCTURAL_INSPECTION	STRUCTURAL_INSPECTION		current implementation; promoted to TARGETED/FULL read per material unit
src/malak/infrastructure/repository_structure_lookup.py	Aranwill/jarvis	source	implementation	material_implementation	STRUCTURAL_INSPECTION	STRUCTURAL_INSPECTION		current implementation; promoted to TARGETED/FULL read per material unit
src/malak/kernel/__init__.py	Aranwill/jarvis	source	implementation	material_implementation	STRUCTURAL_INSPECTION	STRUCTURAL_INSPECTION		current implementation; promoted to TARGETED/FULL read per material unit
src/malak/kernel/bootstrap.py	Aranwill/jarvis	source	implementation	material_implementation	STRUCTURAL_INSPECTION	STRUCTURAL_INSPECTION		current implementation; promoted to TARGETED/FULL read per material unit
src/malak/kernel/events.py	Aranwill/jarvis	source	implementation	material_implementation	STRUCTURAL_INSPECTION	STRUCTURAL_INSPECTION		current implementation; promoted to TARGETED/FULL read per material unit
src/malak/kernel/kernel.py	Aranwill/jarvis	source	implementation	material_implementation	STRUCTURAL_INSPECTION	STRUCTURAL_INSPECTION		current implementation; promoted to TARGETED/FULL read per material unit
src/malak/kernel/registry.py	Aranwill/jarvis	source	implementation	material_implementation	STRUCTURAL_INSPECTION	STRUCTURAL_INSPECTION		current implementation; promoted to TARGETED/FULL read per material unit
src/malak/knowledge/__init__.py	Aranwill/jarvis	source	implementation	material_implementation	STRUCTURAL_INSPECTION	STRUCTURAL_INSPECTION		current implementation; promoted to TARGETED/FULL read per material unit
src/malak/knowledge/knowledge_reader.py	Aranwill/jarvis	source	implementation	material_implementation	STRUCTURAL_INSPECTION	STRUCTURAL_INSPECTION		current implementation; promoted to TARGETED/FULL read per material unit
src/malak/memory/__init__.py	Aranwill/jarvis	source	implementation	material_implementation	STRUCTURAL_INSPECTION	STRUCTURAL_INSPECTION		current implementation; promoted to TARGETED/FULL read per material unit
src/malak/memory/assessment_producer_authorization.py	Aranwill/jarvis	source	implementation	material_implementation	STRUCTURAL_INSPECTION	STRUCTURAL_INSPECTION		current implementation; promoted to TARGETED/FULL read per material unit
src/malak/memory/assessment_provenance.py	Aranwill/jarvis	source	implementation	material_implementation	STRUCTURAL_INSPECTION	STRUCTURAL_INSPECTION		current implementation; promoted to TARGETED/FULL read per material unit
src/malak/memory/candidate_content_identity.py	Aranwill/jarvis	source	implementation	material_implementation	STRUCTURAL_INSPECTION	STRUCTURAL_INSPECTION		current implementation; promoted to TARGETED/FULL read per material unit
src/malak/memory/episodic_admission.py	Aranwill/jarvis	source	implementation	material_implementation	STRUCTURAL_INSPECTION	STRUCTURAL_INSPECTION		current implementation; promoted to TARGETED/FULL read per material unit
src/malak/memory/episodic_persistence_authorization.py	Aranwill/jarvis	source	implementation	material_implementation	STRUCTURAL_INSPECTION	STRUCTURAL_INSPECTION		current implementation; promoted to TARGETED/FULL read per material unit
src/malak/memory/episodic_persistence_readiness.py	Aranwill/jarvis	source	implementation	material_implementation	STRUCTURAL_INSPECTION	STRUCTURAL_INSPECTION		current implementation; promoted to TARGETED/FULL read per material unit
src/malak/memory/governed_input_projection.py	Aranwill/jarvis	source	implementation	material_implementation	STRUCTURAL_INSPECTION	STRUCTURAL_INSPECTION		current implementation; promoted to TARGETED/FULL read per material unit
src/malak/memory/governed_projection_consumption.py	Aranwill/jarvis	source	implementation	material_implementation	STRUCTURAL_INSPECTION	STRUCTURAL_INSPECTION		current implementation; promoted to TARGETED/FULL read per material unit
src/malak/observability/__init__.py	Aranwill/jarvis	source	implementation	material_implementation	STRUCTURAL_INSPECTION	STRUCTURAL_INSPECTION		current implementation; promoted to TARGETED/FULL read per material unit
src/malak/observability/operational_event.py	Aranwill/jarvis	source	implementation	material_implementation	STRUCTURAL_INSPECTION	STRUCTURAL_INSPECTION		current implementation; promoted to TARGETED/FULL read per material unit
src/malak/observability/operational_event_jsonl_store.py	Aranwill/jarvis	source	implementation	material_implementation	STRUCTURAL_INSPECTION	STRUCTURAL_INSPECTION		current implementation; promoted to TARGETED/FULL read per material unit
src/malak/observability/operational_event_sink.py	Aranwill/jarvis	source	implementation	material_implementation	STRUCTURAL_INSPECTION	STRUCTURAL_INSPECTION		current implementation; promoted to TARGETED/FULL read per material unit
src/malak/observability/operational_event_store.py	Aranwill/jarvis	source	implementation	material_implementation	STRUCTURAL_INSPECTION	STRUCTURAL_INSPECTION		current implementation; promoted to TARGETED/FULL read per material unit
src/malak/providers/runtime_provider.py	Aranwill/jarvis	source	implementation	material_implementation	STRUCTURAL_INSPECTION	STRUCTURAL_INSPECTION		current implementation; promoted to TARGETED/FULL read per material unit
src/malak/runtime/mock_llm_runtime.py	Aranwill/jarvis	source	implementation	material_implementation	STRUCTURAL_INSPECTION	STRUCTURAL_INSPECTION		current implementation; promoted to TARGETED/FULL read per material unit
src/malak/runtime/ollama_runtime.py	Aranwill/jarvis	source	implementation	material_implementation	STRUCTURAL_INSPECTION	STRUCTURAL_INSPECTION		current implementation; promoted to TARGETED/FULL read per material unit
src/malak/runtime/runtime_metric_jsonl_store.py	Aranwill/jarvis	source	implementation	material_implementation	STRUCTURAL_INSPECTION	STRUCTURAL_INSPECTION		current implementation; promoted to TARGETED/FULL read per material unit
src/malak/runtime/runtime_metric_sample.py	Aranwill/jarvis	source	implementation	material_implementation	STRUCTURAL_INSPECTION	STRUCTURAL_INSPECTION		current implementation; promoted to TARGETED/FULL read per material unit
src/malak/runtime/runtime_metric_sink.py	Aranwill/jarvis	source	implementation	material_implementation	STRUCTURAL_INSPECTION	STRUCTURAL_INSPECTION		current implementation; promoted to TARGETED/FULL read per material unit
src/malak/runtime/runtime_metric_store.py	Aranwill/jarvis	source	implementation	material_implementation	STRUCTURAL_INSPECTION	STRUCTURAL_INSPECTION		current implementation; promoted to TARGETED/FULL read per material unit
src/malak/runtime/runtime_metrics.py	Aranwill/jarvis	source	implementation	material_implementation	STRUCTURAL_INSPECTION	STRUCTURAL_INSPECTION		current implementation; promoted to TARGETED/FULL read per material unit
src/malak/runtime/runtime_performance_profile.py	Aranwill/jarvis	source	implementation	material_implementation	STRUCTURAL_INSPECTION	STRUCTURAL_INSPECTION		current implementation; promoted to TARGETED/FULL read per material unit
src/malak/runtime/runtime_performance_profiler.py	Aranwill/jarvis	source	implementation	material_implementation	STRUCTURAL_INSPECTION	STRUCTURAL_INSPECTION		current implementation; promoted to TARGETED/FULL read per material unit
src/malak/security/__init__.py	Aranwill/jarvis	source	implementation	material_implementation	STRUCTURAL_INSPECTION	STRUCTURAL_INSPECTION		current implementation; promoted to TARGETED/FULL read per material unit
src/malak/security/audit.py	Aranwill/jarvis	source	implementation	material_implementation	STRUCTURAL_INSPECTION	STRUCTURAL_INSPECTION		current implementation; promoted to TARGETED/FULL read per material unit
src/malak/security/clock.py	Aranwill/jarvis	source	implementation	material_implementation	STRUCTURAL_INSPECTION	STRUCTURAL_INSPECTION		current implementation; promoted to TARGETED/FULL read per material unit
src/malak/security/context_issuer.py	Aranwill/jarvis	source	implementation	material_implementation	STRUCTURAL_INSPECTION	STRUCTURAL_INSPECTION		current implementation; promoted to TARGETED/FULL read per material unit
src/malak/security/context_propagation.py	Aranwill/jarvis	source	implementation	material_implementation	STRUCTURAL_INSPECTION	STRUCTURAL_INSPECTION		current implementation; promoted to TARGETED/FULL read per material unit
src/malak/security/context_renewer.py	Aranwill/jarvis	source	implementation	material_implementation	STRUCTURAL_INSPECTION	STRUCTURAL_INSPECTION		current implementation; promoted to TARGETED/FULL read per material unit
src/malak/security/context_validator.py	Aranwill/jarvis	source	implementation	material_implementation	STRUCTURAL_INSPECTION	STRUCTURAL_INSPECTION		current implementation; promoted to TARGETED/FULL read per material unit
src/malak/security/contracts.py	Aranwill/jarvis	source	implementation	material_implementation	STRUCTURAL_INSPECTION	STRUCTURAL_INSPECTION		current implementation; promoted to TARGETED/FULL read per material unit
src/malak/security/pdp.py	Aranwill/jarvis	source	implementation	material_implementation	STRUCTURAL_INSPECTION	STRUCTURAL_INSPECTION		current implementation; promoted to TARGETED/FULL read per material unit
src/malak/security/pep.py	Aranwill/jarvis	source	implementation	material_implementation	STRUCTURAL_INSPECTION	STRUCTURAL_INSPECTION		current implementation; promoted to TARGETED/FULL read per material unit
src/malak/services/__init__.py	Aranwill/jarvis	source	implementation	material_implementation	STRUCTURAL_INSPECTION	STRUCTURAL_INSPECTION		current implementation; promoted to TARGETED/FULL read per material unit
src/malak/services/conversation_context.py	Aranwill/jarvis	source	implementation	material_implementation	STRUCTURAL_INSPECTION	STRUCTURAL_INSPECTION		current implementation; promoted to TARGETED/FULL read per material unit
src/malak/services/conversation_service.py	Aranwill/jarvis	source	implementation	material_implementation	STRUCTURAL_INSPECTION	STRUCTURAL_INSPECTION		current implementation; promoted to TARGETED/FULL read per material unit
src/malak/services/planner.py	Aranwill/jarvis	source	implementation	material_implementation	STRUCTURAL_INSPECTION	STRUCTURAL_INSPECTION		current implementation; promoted to TARGETED/FULL read per material unit
src/malak/shared/logger.py	Aranwill/jarvis	source	implementation	material_implementation	STRUCTURAL_INSPECTION	STRUCTURAL_INSPECTION		current implementation; promoted to TARGETED/FULL read per material unit
tests/test_app_composition.py	Aranwill/jarvis	test	verification	material_verification	STRUCTURAL_INSPECTION	STRUCTURAL_INSPECTION		current verification evidence; promoted per audited unit
tests/test_architecture_invariants.py	Aranwill/jarvis	test	verification	material_verification	STRUCTURAL_INSPECTION	STRUCTURAL_INSPECTION		current verification evidence; promoted per audited unit
tests/test_assessment_producer_authorization.py	Aranwill/jarvis	test	verification	material_verification	STRUCTURAL_INSPECTION	STRUCTURAL_INSPECTION		current verification evidence; promoted per audited unit
tests/test_assurance_signal_projection.py	Aranwill/jarvis	test	verification	material_verification	STRUCTURAL_INSPECTION	STRUCTURAL_INSPECTION		current verification evidence; promoted per audited unit
tests/test_authorization_audit.py	Aranwill/jarvis	test	verification	material_verification	STRUCTURAL_INSPECTION	STRUCTURAL_INSPECTION		current verification evidence; promoted per audited unit
tests/test_authorization_contracts.py	Aranwill/jarvis	test	verification	material_verification	STRUCTURAL_INSPECTION	STRUCTURAL_INSPECTION		current verification evidence; promoted per audited unit
tests/test_candidate_content_identity.py	Aranwill/jarvis	test	verification	material_verification	STRUCTURAL_INSPECTION	STRUCTURAL_INSPECTION		current verification evidence; promoted per audited unit
tests/test_capability_registry.py	Aranwill/jarvis	test	verification	material_verification	STRUCTURAL_INSPECTION	STRUCTURAL_INSPECTION		current verification evidence; promoted per audited unit
tests/test_cli.py	Aranwill/jarvis	test	verification	material_verification	STRUCTURAL_INSPECTION	STRUCTURAL_INSPECTION		current verification evidence; promoted per audited unit
tests/test_conversation_capability.py	Aranwill/jarvis	test	verification	material_verification	STRUCTURAL_INSPECTION	STRUCTURAL_INSPECTION		current verification evidence; promoted per audited unit
tests/test_conversation_context.py	Aranwill/jarvis	test	verification	material_verification	STRUCTURAL_INSPECTION	STRUCTURAL_INSPECTION		current verification evidence; promoted per audited unit
tests/test_conversation_contract.py	Aranwill/jarvis	test	verification	material_verification	STRUCTURAL_INSPECTION	STRUCTURAL_INSPECTION		current verification evidence; promoted per audited unit
tests/test_conversation_execution_path.py	Aranwill/jarvis	test	verification	material_verification	STRUCTURAL_INSPECTION	STRUCTURAL_INSPECTION		current verification evidence; promoted per audited unit
tests/test_conversation_registry.py	Aranwill/jarvis	test	verification	material_verification	STRUCTURAL_INSPECTION	STRUCTURAL_INSPECTION		current verification evidence; promoted per audited unit
tests/test_conversation_service.py	Aranwill/jarvis	test	verification	material_verification	STRUCTURAL_INSPECTION	STRUCTURAL_INSPECTION		current verification evidence; promoted per audited unit
tests/test_engineering_analyze.py	Aranwill/jarvis	test	verification	material_verification	STRUCTURAL_INSPECTION	STRUCTURAL_INSPECTION		current verification evidence; promoted per audited unit
tests/test_engineering_inspect.py	Aranwill/jarvis	test	verification	material_verification	STRUCTURAL_INSPECTION	STRUCTURAL_INSPECTION		current verification evidence; promoted per audited unit
tests/test_engineering_propose.py	Aranwill/jarvis	test	verification	material_verification	STRUCTURAL_INSPECTION	STRUCTURAL_INSPECTION		current verification evidence; promoted per audited unit
tests/test_episodic_assessment_provenance.py	Aranwill/jarvis	test	verification	material_verification	STRUCTURAL_INSPECTION	STRUCTURAL_INSPECTION		current verification evidence; promoted per audited unit
tests/test_episodic_memory_admission.py	Aranwill/jarvis	test	verification	material_verification	STRUCTURAL_INSPECTION	STRUCTURAL_INSPECTION		current verification evidence; promoted per audited unit
tests/test_episodic_persistence_authorization.py	Aranwill/jarvis	test	verification	material_verification	STRUCTURAL_INSPECTION	STRUCTURAL_INSPECTION		current verification evidence; promoted per audited unit
tests/test_episodic_persistence_readiness.py	Aranwill/jarvis	test	verification	material_verification	STRUCTURAL_INSPECTION	STRUCTURAL_INSPECTION		current verification evidence; promoted per audited unit
tests/test_governed_input_projection.py	Aranwill/jarvis	test	verification	material_verification	STRUCTURAL_INSPECTION	STRUCTURAL_INSPECTION		current verification evidence; promoted per audited unit
tests/test_governed_projection_consumption.py	Aranwill/jarvis	test	verification	material_verification	STRUCTURAL_INSPECTION	STRUCTURAL_INSPECTION		current verification evidence; promoted per audited unit
tests/test_kernel.py	Aranwill/jarvis	test	verification	material_verification	STRUCTURAL_INSPECTION	STRUCTURAL_INSPECTION		current verification evidence; promoted per audited unit
tests/test_knowledge_reader.py	Aranwill/jarvis	test	verification	material_verification	STRUCTURAL_INSPECTION	STRUCTURAL_INSPECTION		current verification evidence; promoted per audited unit
tests/test_llm_runtime.py	Aranwill/jarvis	test	verification	material_verification	STRUCTURAL_INSPECTION	STRUCTURAL_INSPECTION		current verification evidence; promoted per audited unit
tests/test_malak_evidence.py	Aranwill/jarvis	test	verification	material_verification	STRUCTURAL_INSPECTION	STRUCTURAL_INSPECTION		current verification evidence; promoted per audited unit
tests/test_ollama_runtime.py	Aranwill/jarvis	test	verification	material_verification	STRUCTURAL_INSPECTION	STRUCTURAL_INSPECTION		current verification evidence; promoted per audited unit
tests/test_operational_event.py	Aranwill/jarvis	test	verification	material_verification	STRUCTURAL_INSPECTION	STRUCTURAL_INSPECTION		current verification evidence; promoted per audited unit
tests/test_operational_event_jsonl_store.py	Aranwill/jarvis	test	verification	material_verification	STRUCTURAL_INSPECTION	STRUCTURAL_INSPECTION		current verification evidence; promoted per audited unit
tests/test_operational_event_sink.py	Aranwill/jarvis	test	verification	material_verification	STRUCTURAL_INSPECTION	STRUCTURAL_INSPECTION		current verification evidence; promoted per audited unit
tests/test_operational_event_store.py	Aranwill/jarvis	test	verification	material_verification	STRUCTURAL_INSPECTION	STRUCTURAL_INSPECTION		current verification evidence; promoted per audited unit
tests/test_planner.py	Aranwill/jarvis	test	verification	material_verification	STRUCTURAL_INSPECTION	STRUCTURAL_INSPECTION		current verification evidence; promoted per audited unit
tests/test_policy_decision_point.py	Aranwill/jarvis	test	verification	material_verification	STRUCTURAL_INSPECTION	STRUCTURAL_INSPECTION		current verification evidence; promoted per audited unit
tests/test_policy_enforcement_point.py	Aranwill/jarvis	test	verification	material_verification	STRUCTURAL_INSPECTION	STRUCTURAL_INSPECTION		current verification evidence; promoted per audited unit
tests/test_protected_finalization.py	Aranwill/jarvis	test	verification	material_verification	STRUCTURAL_INSPECTION	STRUCTURAL_INSPECTION		current verification evidence; promoted per audited unit
tests/test_repository_reader.py	Aranwill/jarvis	test	verification	material_verification	STRUCTURAL_INSPECTION	STRUCTURAL_INSPECTION		current verification evidence; promoted per audited unit
tests/test_repository_structure.py	Aranwill/jarvis	test	verification	material_verification	STRUCTURAL_INSPECTION	STRUCTURAL_INSPECTION		current verification evidence; promoted per audited unit
tests/test_repository_structure_lookup.py	Aranwill/jarvis	test	verification	material_verification	STRUCTURAL_INSPECTION	STRUCTURAL_INSPECTION		current verification evidence; promoted per audited unit
tests/test_runtime_integration.py	Aranwill/jarvis	test	verification	material_verification	STRUCTURAL_INSPECTION	STRUCTURAL_INSPECTION		current verification evidence; promoted per audited unit
tests/test_runtime_metric_jsonl_store.py	Aranwill/jarvis	test	verification	material_verification	STRUCTURAL_INSPECTION	STRUCTURAL_INSPECTION		current verification evidence; promoted per audited unit
tests/test_runtime_metric_sample.py	Aranwill/jarvis	test	verification	material_verification	STRUCTURAL_INSPECTION	STRUCTURAL_INSPECTION		current verification evidence; promoted per audited unit
tests/test_runtime_metric_sink.py	Aranwill/jarvis	test	verification	material_verification	STRUCTURAL_INSPECTION	STRUCTURAL_INSPECTION		current verification evidence; promoted per audited unit
tests/test_runtime_metric_store.py	Aranwill/jarvis	test	verification	material_verification	STRUCTURAL_INSPECTION	STRUCTURAL_INSPECTION		current verification evidence; promoted per audited unit
tests/test_runtime_performance_profiler.py	Aranwill/jarvis	test	verification	material_verification	STRUCTURAL_INSPECTION	STRUCTURAL_INSPECTION		current verification evidence; promoted per audited unit
tests/test_runtime_provider.py	Aranwill/jarvis	test	verification	material_verification	STRUCTURAL_INSPECTION	STRUCTURAL_INSPECTION		current verification evidence; promoted per audited unit
tests/test_security_clock.py	Aranwill/jarvis	test	verification	material_verification	STRUCTURAL_INSPECTION	STRUCTURAL_INSPECTION		current verification evidence; promoted per audited unit
tests/test_security_context_issuer.py	Aranwill/jarvis	test	verification	material_verification	STRUCTURAL_INSPECTION	STRUCTURAL_INSPECTION		current verification evidence; promoted per audited unit
tests/test_security_context_propagation.py	Aranwill/jarvis	test	verification	material_verification	STRUCTURAL_INSPECTION	STRUCTURAL_INSPECTION		current verification evidence; promoted per audited unit
tests/test_security_context_renewer.py	Aranwill/jarvis	test	verification	material_verification	STRUCTURAL_INSPECTION	STRUCTURAL_INSPECTION		current verification evidence; promoted per audited unit
tests/test_security_context_validator.py	Aranwill/jarvis	test	verification	material_verification	STRUCTURAL_INSPECTION	STRUCTURAL_INSPECTION		current verification evidence; promoted per audited unit
